Title,ratings,today
Funny Got Data MIS Data Systems Business Analyst T-Shirt,5 ratings,2023-02-14
Title,ratings,today
Funny Got Data MIS Data Systems Business Analyst T-Shirt,5 ratings,2023-02-14
Title,ratings,today
Funny Got Data MIS Data Systems Business Analyst T-Shirt,5 ratings,2023-02-14
Funny Got Data MIS Data Systems Business Analyst T-Shirt,15 ratings,2023-02-14
Funny Got Data MIS Data Systems Business Analyst T-Shirt,15 ratings,2023-02-14
Funny Got Data MIS Data Systems Business Analyst T-Shirt,15 ratings,2023-02-14
Funny Got Data MIS Data Systems Business Analyst T-Shirt,15 ratings,2023-02-14
Funny Got Data MIS Data Systems Business Analyst T-Shirt,15 ratings,2023-02-14
Funny Got Data MIS Data Systems Business Analyst T-Shirt,15 ratings,2023-02-14
Funny Got Data MIS Data Systems Business Analyst T-Shirt,15 ratings,2023-02-14
Funny Got Data MIS Data Systems Business Analyst T-Shirt,15 ratings,2023-02-14
Funny Got Data MIS Data Systems Business Analyst T-Shirt,15 ratings,2023-02-14
Funny Got Data MIS Data Systems Business Analyst T-Shirt,15 ratings,2023-02-14
Funny Got Data MIS Data Systems Business Analyst T-Shirt,15 ratings,2023-02-14
Funny Got Data MIS Data Systems Business Analyst T-Shirt,15 ratings,2023-02-14
Funny Got Data MIS Data Systems Business Analyst T-Shirt,15 ratings,2023-02-14
Funny Got Data MIS Data Systems Business Analyst T-Shirt,15 ratings,2023-02-14
Funny Got Data MIS Data Systems Business Analyst T-Shirt,15 ratings,2023-02-14
Funny Got Data MIS Data Systems Business Analyst T-Shirt,15 ratings,2023-02-14
Funny Got Data MIS Data Systems Business Analyst T-Shirt,15 ratings,2023-02-14
Funny Got Data MIS Data Systems Business Analyst T-Shirt,15 ratings,2023-02-14
Funny Got Data MIS Data Systems Business Analyst T-Shirt,15 ratings,2023-02-14
Funny Got Data MIS Data Systems Business Analyst T-Shirt,15 ratings,2023-02-14
Funny Got Data MIS Data Systems Business Analyst T-Shirt,15 ratings,2023-02-14
Funny Got Data MIS Data Systems Business Analyst T-Shirt,15 ratings,2023-02-14
Funny Got Data MIS Data Systems Business Analyst T-Shirt,15 ratings,2023-02-14
Funny Got Data MIS Data Systems Business Analyst T-Shirt,15 ratings,2023-02-14
Funny Got Data MIS Data Systems Business Analyst T-Shirt,15 ratings,2023-02-14
Funny Got Data MIS Data Systems Business Analyst T-Shirt,15 ratings,2023-02-14
Funny Got Data MIS Data Systems Business Analyst T-Shirt,15 ratings,2023-02-14
Funny Got Data MIS Data Systems Business Analyst T-Shirt,15 ratings,2023-02-14
Funny Got Data MIS Data Systems Business Analyst T-Shirt,15 ratings,2023-02-14
Funny Got Data MIS Data Systems Business Analyst T-Shirt,15 ratings,2023-02-14
Funny Got Data MIS Data Systems Business Analyst T-Shirt,15 ratings,2023-02-14
Funny Got Data MIS Data Systems Business Analyst T-Shirt,15 ratings,2023-02-14
Funny Got Data MIS Data Systems Business Analyst T-Shirt,15 ratings,2023-02-14
Funny Got Data MIS Data Systems Business Analyst T-Shirt,15 ratings,2023-02-14
Funny Got Data MIS Data Systems Business Analyst T-Shirt,15 ratings,2023-02-14
Funny Got Data MIS Data Systems Business Analyst T-Shirt,15 ratings,2023-02-14
Funny Got Data MIS Data Systems Business Analyst T-Shirt,15 ratings,2023-02-14
Funny Got Data MIS Data Systems Business Analyst T-Shirt,15 ratings,2023-02-14
Funny Got Data MIS Data Systems Business Analyst T-Shirt,15 ratings,2023-02-14
Funny Got Data MIS Data Systems Business Analyst T-Shirt,15 ratings,2023-02-14
Funny Got Data MIS Data Systems Business Analyst T-Shirt,15 ratings,2023-02-14
Funny Got Data MIS Data Systems Business Analyst T-Shirt,15 ratings,2023-02-14
Funny Got Data MIS Data Systems Business Analyst T-Shirt,15 ratings,2023-02-14
Funny Got Data MIS Data Systems Business Analyst T-Shirt,15 ratings,2023-02-14
Funny Got Data MIS Data Systems Business Analyst T-Shirt,15 ratings,2023-02-14
Funny Got Data MIS Data Systems Business Analyst T-Shirt,15 ratings,2023-02-14
Funny Got Data MIS Data Systems Business Analyst T-Shirt,15 ratings,2023-02-14
Funny Got Data MIS Data Systems Business Analyst T-Shirt,15 ratings,2023-02-14
Funny Got Data MIS Data Systems Business Analyst T-Shirt,15 ratings,2023-02-14
Funny Got Data MIS Data Systems Business Analyst T-Shirt,15 ratings,2023-02-14
Funny Got Data MIS Data Systems Business Analyst T-Shirt,15 ratings,2023-02-14
Funny Got Data MIS Data Systems Business Analyst T-Shirt,15 ratings,2023-02-14
Funny Got Data MIS Data Systems Business Analyst T-Shirt,15 ratings,2023-02-14
Funny Got Data MIS Data Systems Business Analyst T-Shirt,15 ratings,2023-02-14
Funny Got Data MIS Data Systems Business Analyst T-Shirt,15 ratings,2023-02-14
Funny Got Data MIS Data Systems Business Analyst T-Shirt,15 ratings,2023-02-14
Funny Got Data MIS Data Systems Business Analyst T-Shirt,15 ratings,2023-02-14
Funny Got Data MIS Data Systems Business Analyst T-Shirt,15 ratings,2023-02-14
Funny Got Data MIS Data Systems Business Analyst T-Shirt,15 ratings,2023-02-14
Funny Got Data MIS Data Systems Business Analyst T-Shirt,15 ratings,2023-02-14
Funny Got Data MIS Data Systems Business Analyst T-Shirt,15 ratings,2023-02-14
Funny Got Data MIS Data Systems Business Analyst T-Shirt,15 ratings,2023-02-14
Funny Got Data MIS Data Systems Business Analyst T-Shirt,15 ratings,2023-02-14
Funny Got Data MIS Data Systems Business Analyst T-Shirt,15 ratings,2023-02-14
Funny Got Data MIS Data Systems Business Analyst T-Shirt,15 ratings,2023-02-14
Funny Got Data MIS Data Systems Business Analyst T-Shirt,15 ratings,2023-02-14
Funny Got Data MIS Data Systems Business Analyst T-Shirt,15 ratings,2023-02-14
Funny Got Data MIS Data Systems Business Analyst T-Shirt,15 ratings,2023-02-14
Funny Got Data MIS Data Systems Business Analyst T-Shirt,15 ratings,2023-02-14
Funny Got Data MIS Data Systems Business Analyst T-Shirt,15 ratings,2023-02-14
Funny Got Data MIS Data Systems Business Analyst T-Shirt,15 ratings,2023-02-14
Funny Got Data MIS Data Systems Business Analyst T-Shirt,15 ratings,2023-02-14
Funny Got Data MIS Data Systems Business Analyst T-Shirt,15 ratings,2023-02-14
Funny Got Data MIS Data Systems Business Analyst T-Shirt,15 ratings,2023-02-14
Funny Got Data MIS Data Systems Business Analyst T-Shirt,15 ratings,2023-02-14
Funny Got Data MIS Data Systems Business Analyst T-Shirt,15 ratings,2023-02-14
Funny Got Data MIS Data Systems Business Analyst T-Shirt,15 ratings,2023-02-14
Funny Got Data MIS Data Systems Business Analyst T-Shirt,15 ratings,2023-02-14
Funny Got Data MIS Data Systems Business Analyst T-Shirt,15 ratings,2023-02-14
Funny Got Data MIS Data Systems Business Analyst T-Shirt,15 ratings,2023-02-14
Funny Got Data MIS Data Systems Business Analyst T-Shirt,15 ratings,2023-02-14
Funny Got Data MIS Data Systems Business Analyst T-Shirt,15 ratings,2023-02-14
Funny Got Data MIS Data Systems Business Analyst T-Shirt,15 ratings,2023-02-14
Funny Got Data MIS Data Systems Business Analyst T-Shirt,15 ratings,2023-02-14
Funny Got Data MIS Data Systems Business Analyst T-Shirt,15 ratings,2023-02-14
Funny Got Data MIS Data Systems Business Analyst T-Shirt,15 ratings,2023-02-14
Funny Got Data MIS Data Systems Business Analyst T-Shirt,15 ratings,2023-02-14
Funny Got Data MIS Data Systems Business Analyst T-Shirt,15 ratings,2023-02-14
Funny Got Data MIS Data Systems Business Analyst T-Shirt,15 ratings,2023-02-14
Funny Got Data MIS Data Systems Business Analyst T-Shirt,15 ratings,2023-02-14
Funny Got Data MIS Data Systems Business Analyst T-Shirt,15 ratings,2023-02-14
Funny Got Data MIS Data Systems Business Analyst T-Shirt,15 ratings,2023-02-14
Funny Got Data MIS Data Systems Business Analyst T-Shirt,15 ratings,2023-02-14
Funny Got Data MIS Data Systems Business Analyst T-Shirt,15 ratings,2023-02-14
Funny Got Data MIS Data Systems Business Analyst T-Shirt,15 ratings,2023-02-14
Funny Got Data MIS Data Systems Business Analyst T-Shirt,15 ratings,2023-02-14
Funny Got Data MIS Data Systems Business Analyst T-Shirt,15 ratings,2023-02-14
Funny Got Data MIS Data Systems Business Analyst T-Shirt,15 ratings,2023-02-14
Funny Got Data MIS Data Systems Business Analyst T-Shirt,15 ratings,2023-02-14
Funny Got Data MIS Data Systems Business Analyst T-Shirt,15 ratings,2023-02-14
Funny Got Data MIS Data Systems Business Analyst T-Shirt,15 ratings,2023-02-14
